SpotID,row,col
S1,6,63
S2,7,54
S3,7,55
S4,7,56
S5,7,58
S6,7,59
S7,7,60
S8,7,64
S9,7,81
S10,8,52
S11,8,53
S12,8,54
S13,8,55
S14,8,56
S15,8,57
S16,8,58
S17,8,59
S18,8,60
S19,9,51
S20,9,52
S21,9,53
S22,9,54
S23,9,55
S24,9,56
S25,9,57
S26,9,58
S27,9,59
S28,9,60
S29,9,61
S30,9,62
S31,9,63
S32,9,64
S33,9,65
S34,9,68
S35,9,83
S36,9,84
S37,10,51
S38,10,52
S39,10,53
S40,10,54
S41,10,55
S42,10,56
S43,10,57
S44,10,58
S45,10,59
S46,10,60
S47,10,61
S48,10,62
S49,10,63
S50,10,64
S51,10,65
S52,10,66
S53,10,67
S54,10,68
S55,10,70
S56,10,71
S57,10,73
S58,11,48
S59,11,49
S60,11,50
S61,11,51
S62,11,52
S63,11,53
S64,11,54
S65,11,55
S66,11,56
S67,11,57
S68,11,58
S69,11,59
S70,11,60
S71,11,61
S72,11,62
S73,11,63
S74,11,64
S75,11,65
S76,11,66
S77,11,67
S78,11,68
S79,11,69
S80,11,70
S81,11,71
S82,12,46
S83,12,47
S84,12,48
S85,12,49
S86,12,50
S87,12,51
S88,12,52
S89,12,53
S90,12,54
S91,12,55
S92,12,56
S93,12,57
S94,12,58
S95,12,59
S96,12,60
S97,12,61
S98,12,62
S99,12,63
S100,12,64
S101,12,65
S102,12,66
S103,12,67
S104,12,68
S105,12,69
S106,12,70
S107,13,43
S108,13,44
S109,13,45
S110,13,46
S111,13,47
S112,13,48
S113,13,49
S114,13,50
S115,13,51
S116,13,52
S117,13,53
S118,13,54
S119,13,55
S120,13,56
S121,13,57
S122,13,58
S123,13,59
S124,13,60
S125,13,61
S126,13,62
S127,13,63
S128,13,64
S129,13,65
S130,13,66
S131,13,67
S132,13,68
S133,13,69
S134,13,70
S135,13,71
S136,13,72
S137,14,40
S138,14,41
S139,14,42
S140,14,43
S141,14,44
S142,14,45
S143,14,46
S144,14,47
S145,14,48
S146,14,49
S147,14,50
S148,14,51
S149,14,52
S150,14,53
S151,14,54
S152,14,55
S153,14,56
S154,14,57
S155,14,58
S156,14,59
S157,14,60
S158,14,61
S159,14,62
S160,14,63
S161,14,64
S162,14,65
S163,14,66
S164,14,67
S165,14,68
S166,14,69
S167,14,70
S168,14,71
S169,14,72
S170,14,73
S171,14,74
S172,14,89
S173,15,38
S174,15,39
S175,15,40
S176,15,41
S177,15,42
S178,15,43
S179,15,44
S180,15,45
S181,15,46
S182,15,47
S183,15,48
S184,15,49
S185,15,50
S186,15,51
S187,15,52
S188,15,53
S189,15,54
S190,15,55
S191,15,56
S192,15,57
S193,15,58
S194,15,59
S195,15,60
S196,15,61
S197,15,62
S198,15,63
S199,15,64
S200,15,65
S201,15,66
S202,15,67
S203,15,68
S204,15,69
S205,15,70
S206,15,71
S207,15,72
S208,15,73
S209,15,74
S210,15,75
S211,15,90
S212,16,38
S213,16,39
S214,16,40
S215,16,41
S216,16,42
S217,16,43
S218,16,44
S219,16,45
S220,16,46
S221,16,47
S222,16,48
S223,16,49
S224,16,50
S225,16,51
S226,16,52
S227,16,53
S228,16,54
S229,16,55
S230,16,56
S231,16,57
S232,16,58
S233,16,59
S234,16,60
S235,16,61
S236,16,62
S237,16,63
S238,16,64
S239,16,65
S240,16,66
S241,16,67
S242,16,68
S243,16,69
S244,16,70
S245,16,71
S246,16,72
S247,16,73
S248,16,74
S249,16,75
S250,16,76
S251,16,77
S252,17,36
S253,17,37
S254,17,38
S255,17,39
S256,17,40
S257,17,41
S258,17,42
S259,17,43
S260,17,44
S261,17,45
S262,17,46
S263,17,47
S264,17,48
S265,17,49
S266,17,50
S267,17,51
S268,17,52
S269,17,53
S270,17,54
S271,17,55
S272,17,56
S273,17,57
S274,17,58
S275,17,59
S276,17,60
S277,17,61
S278,17,62
S279,17,63
S280,17,64
S281,17,65
S282,17,66
S283,17,67
S284,17,68
S285,17,69
S286,17,70
S287,17,71
S288,17,72
S289,17,73
S290,17,74
S291,17,75
S292,17,76
S293,17,77
S294,18,34
S295,18,35
S296,18,36
S297,18,37
S298,18,38
S299,18,39
S300,18,40
S301,18,41
S302,18,42
S303,18,43
S304,18,44
S305,18,45
S306,18,46
S307,18,47
S308,18,48
S309,18,49
S310,18,50
S311,18,51
S312,18,52
S313,18,53
S314,18,54
S315,18,55
S316,18,56
S317,18,57
S318,18,58
S319,18,59
S320,18,60
S321,18,61
S322,18,62
S323,18,63
S324,18,64
S325,18,65
S326,18,66
S327,18,67
S328,18,70
S329,18,71
S330,18,72
S331,18,73
S332,18,74
S333,18,75
S334,18,76
S335,18,77
S336,18,78
S337,19,33
S338,19,34
S339,19,35
S340,19,36
S341,19,37
S342,19,38
S343,19,39
S344,19,40
S345,19,41
S346,19,42
S347,19,43
S348,19,44
S349,19,45
S350,19,46
S351,19,47
S352,19,48
S353,19,49
S354,19,50
S355,19,51
S356,19,52
S357,19,53
S358,19,54
S359,19,55
S360,19,56
S361,19,57
S362,19,58
S363,19,59
S364,19,60
S365,19,61
S366,19,62
S367,19,65
S368,19,66
S369,19,67
S370,19,68
S371,19,69
S372,19,70
S373,19,71
S374,19,72
S375,19,73
S376,19,74
S377,19,75
S378,19,76
S379,19,77
S380,19,78
S381,19,79
S382,20,31
S383,20,32
S384,20,33
S385,20,34
S386,20,35
S387,20,36
S388,20,37
S389,20,38
S390,20,39
S391,20,40
S392,20,41
S393,20,42
S394,20,43
S395,20,44
S396,20,45
S397,20,46
S398,20,47
S399,20,48
S400,20,49
S401,20,50
S402,20,51
S403,20,52
S404,20,53
S405,20,54
S406,20,55
S407,20,56
S408,20,57
S409,20,58
S410,20,59
S411,20,60
S412,20,61
S413,20,64
S414,20,65
S415,20,66
S416,20,67
S417,20,69
S418,20,70
S419,20,71
S420,20,72
S421,20,73
S422,20,74
S423,20,75
S424,20,76
S425,20,77
S426,20,78
S427,20,79
S428,20,81
S429,21,30
S430,21,31
S431,21,32
S432,21,33
S433,21,34
S434,21,35
S435,21,36
S436,21,37
S437,21,38
S438,21,39
S439,21,40
S440,21,41
S441,21,42
S442,21,43
S443,21,44
S444,21,45
S445,21,46
S446,21,47
S447,21,48
S448,21,49
S449,21,50
S450,21,51
S451,21,52
S452,21,53
S453,21,54
S454,21,55
S455,21,56
S456,21,57
S457,21,58
S458,21,59
S459,21,60
S460,21,61
S461,21,62
S462,21,63
S463,21,64
S464,21,65
S465,21,66
S466,21,67
S467,21,68
S468,21,69
S469,21,70
S470,21,71
S471,21,73
S472,21,74
S473,21,75
S474,21,76
S475,21,77
S476,21,78
S477,21,79
S478,21,80
S479,21,81
S480,22,28
S481,22,29
S482,22,30
S483,22,31
S484,22,32
S485,22,33
S486,22,34
S487,22,35
S488,22,36
S489,22,37
S490,22,38
S491,22,39
S492,22,40
S493,22,41
S494,22,42
S495,22,43
S496,22,44
S497,22,45
S498,22,46
S499,22,47
S500,22,48
S501,22,49
S502,22,50
S503,22,51
S504,22,52
S505,22,53
S506,22,54
S507,22,55
S508,22,56
S509,22,57
S510,22,58
S511,22,59
S512,22,60
S513,22,61
S514,22,62
S515,22,63
S516,22,64
S517,22,65
S518,22,66
S519,22,67
S520,22,68
S521,22,69
S522,22,70
S523,22,71
S524,22,73
S525,22,74
S526,22,75
S527,22,77
S528,22,78
S529,22,79
S530,22,80
S531,22,81
S532,22,82
S533,22,83
S534,23,28
S535,23,29
S536,23,30
S537,23,31
S538,23,32
S539,23,33
S540,23,34
S541,23,35
S542,23,36
S543,23,37
S544,23,38
S545,23,39
S546,23,40
S547,23,41
S548,23,42
S549,23,43
S550,23,44
S551,23,45
S552,23,46
S553,23,47
S554,23,48
S555,23,49
S556,23,50
S557,23,51
S558,23,52
S559,23,53
S560,23,54
S561,23,55
S562,23,56
S563,23,57
S564,23,58
S565,23,59
S566,23,60
S567,23,61
S568,23,62
S569,23,63
S570,23,64
S571,23,66
S572,23,67
S573,23,68
S574,23,69
S575,23,70
S576,23,71
S577,23,72
S578,23,73
S579,23,74
S580,23,76
S581,23,78
S582,23,79
S583,24,27
S584,24,28
S585,24,29
S586,24,30
S587,24,31
S588,24,32
S589,24,33
S590,24,34
S591,24,35
S592,24,36
S593,24,37
S594,24,38
S595,24,39
S596,24,40
S597,24,41
S598,24,42
S599,24,43
S600,24,44
S601,24,45
S602,24,46
S603,24,47
S604,24,48
S605,24,49
S606,24,50
S607,24,51
S608,24,52
S609,24,53
S610,24,54
S611,24,55
S612,24,56
S613,24,57
S614,24,58
S615,24,59
S616,24,60
S617,24,61
S618,24,62
S619,24,63
S620,24,64
S621,24,65
S622,24,66
S623,24,67
S624,24,68
S625,24,69
S626,24,70
S627,24,71
S628,24,72
S629,24,73
S630,24,74
S631,24,75
S632,24,76
S633,24,77
S634,24,78
S635,24,79
S636,24,80
S637,24,91
S638,25,27
S639,25,28
S640,25,29
S641,25,30
S642,25,31
S643,25,32
S644,25,33
S645,25,34
S646,25,35
S647,25,36
S648,25,37
S649,25,38
S650,25,39
S651,25,40
S652,25,41
S653,25,42
S654,25,43
S655,25,44
S656,25,45
S657,25,46
S658,25,47
S659,25,48
S660,25,49
S661,25,50
S662,25,51
S663,25,52
S664,25,53
S665,25,54
S666,25,55
S667,25,56
S668,25,57
S669,25,58
S670,25,59
S671,25,60
S672,25,61
S673,25,62
S674,25,63
S675,25,64
S676,25,65
S677,25,66
S678,25,67
S679,25,68
S680,25,69
S681,25,70
S682,25,71
S683,25,72
S684,25,73
S685,25,74
S686,25,75
S687,25,76
S688,25,77
S689,25,78
S690,25,79
S691,25,80
S692,25,81
S693,25,82
S694,26,26
S695,26,27
S696,26,28
S697,26,29
S698,26,30
S699,26,31
S700,26,32
S701,26,33
S702,26,34
S703,26,35
S704,26,36
S705,26,37
S706,26,38
S707,26,39
S708,26,40
S709,26,41
S710,26,42
S711,26,43
S712,26,44
S713,26,45
S714,26,46
S715,26,47
S716,26,48
S717,26,49
S718,26,50
S719,26,51
S720,26,52
S721,26,53
S722,26,54
S723,26,55
S724,26,56
S725,26,57
S726,26,58
S727,26,59
S728,26,60
S729,26,61
S730,26,62
S731,26,63
S732,26,64
S733,26,65
S734,26,66
S735,26,67
S736,26,68
S737,26,69
S738,26,70
S739,26,71
S740,26,72
S741,26,73
S742,26,74
S743,26,75
S744,26,76
S745,26,77
S746,26,78
S747,26,79
S748,26,80
S749,26,81
S750,26,82
S751,26,83
S752,26,84
S753,27,25
S754,27,26
S755,27,27
S756,27,28
S757,27,29
S758,27,30
S759,27,31
S760,27,32
S761,27,33
S762,27,34
S763,27,35
S764,27,36
S765,27,37
S766,27,38
S767,27,39
S768,27,40
S769,27,41
S770,27,42
S771,27,43
S772,27,44
S773,27,45
S774,27,46
S775,27,47
S776,27,48
S777,27,49
S778,27,50
S779,27,51
S780,27,52
S781,27,53
S782,27,54
S783,27,55
S784,27,56
S785,27,57
S786,27,58
S787,27,59
S788,27,60
S789,27,61
S790,27,62
S791,27,63
S792,27,64
S793,27,65
S794,27,66
S795,27,67
S796,27,68
S797,27,69
S798,27,70
S799,27,71
S800,27,72
S801,27,73
S802,27,74
S803,27,75
S804,27,76
S805,27,77
S806,27,78
S807,27,80
S808,27,81
S809,27,82
S810,27,83
S811,27,84
S812,27,86
S813,27,87
S814,27,89
S815,27,93
S816,28,25
S817,28,26
S818,28,27
S819,28,28
S820,28,29
S821,28,30
S822,28,31
S823,28,32
S824,28,33
S825,28,34
S826,28,35
S827,28,36
S828,28,37
S829,28,38
S830,28,39
S831,28,40
S832,28,41
S833,28,42
S834,28,43
S835,28,44
S836,28,45
S837,28,46
S838,28,47
S839,28,48
S840,28,49
S841,28,50
S842,28,51
S843,28,52
S844,28,53
S845,28,54
S846,28,55
S847,28,56
S848,28,57
S849,28,58
S850,28,59
S851,28,60
S852,28,61
S853,28,62
S854,28,63
S855,28,64
S856,28,65
S857,28,66
S858,28,67
S859,28,68
S860,28,69
S861,28,72
S862,28,73
S863,28,74
S864,28,75
S865,28,76
S866,28,77
S867,28,78
S868,28,79
S869,28,80
S870,28,81
S871,28,82
S872,28,83
S873,28,84
S874,28,85
S875,28,86
S876,28,87
S877,28,88
S878,29,24
S879,29,25
S880,29,26
S881,29,27
S882,29,28
S883,29,29
S884,29,30
S885,29,31
S886,29,32
S887,29,33
S888,29,34
S889,29,35
S890,29,36
S891,29,37
S892,29,38
S893,29,39
S894,29,40
S895,29,41
S896,29,42
S897,29,43
S898,29,44
S899,29,45
S900,29,46
S901,29,47
S902,29,48
S903,29,49
S904,29,50
S905,29,51
S906,29,52
S907,29,53
S908,29,54
S909,29,55
S910,29,56
S911,29,57
S912,29,58
S913,29,59
S914,29,60
S915,29,61
S916,29,62
S917,29,63
S918,29,64
S919,29,65
S920,29,66
S921,29,67
S922,29,68
S923,29,69
S924,29,70
S925,29,71
S926,29,72
S927,29,73
S928,29,74
S929,29,75
S930,29,76
S931,29,77
S932,29,78
S933,29,79
S934,29,80
S935,29,81
S936,29,82
S937,29,83
S938,29,84
S939,29,85
S940,29,86
S941,29,87
S942,29,88
S943,29,89
S944,29,90
S945,30,23
S946,30,24
S947,30,25
S948,30,26
S949,30,27
S950,30,28
S951,30,29
S952,30,30
S953,30,32
S954,30,33
S955,30,34
S956,30,35
S957,30,36
S958,30,37
S959,30,38
S960,30,39
S961,30,40
S962,30,41
S963,30,42
S964,30,43
S965,30,44
S966,30,45
S967,30,46
S968,30,47
S969,30,48
S970,30,49
S971,30,50
S972,30,51
S973,30,52
S974,30,53
S975,30,54
S976,30,55
S977,30,56
S978,30,57
S979,30,58
S980,30,59
S981,30,60
S982,30,61
S983,30,62
S984,30,63
S985,30,64
S986,30,65
S987,30,66
S988,30,67
S989,30,68
S990,30,69
S991,30,70
S992,30,71
S993,30,72
S994,30,73
S995,30,74
S996,30,75
S997,30,76
S998,30,77
S999,30,78
S1000,30,79
S1001,30,80
S1002,30,81
S1003,30,82
S1004,30,83
S1005,30,84
S1006,30,85
S1007,30,86
S1008,30,87
S1009,30,88
S1010,30,89
S1011,31,22
S1012,31,23
S1013,31,24
S1014,31,25
S1015,31,26
S1016,31,27
S1017,31,28
S1018,31,29
S1019,31,30
S1020,31,31
S1021,31,32
S1022,31,33
S1023,31,34
S1024,31,35
S1025,31,36
S1026,31,37
S1027,31,38
S1028,31,39
S1029,31,40
S1030,31,42
S1031,31,43
S1032,31,44
S1033,31,45
S1034,31,46
S1035,31,47
S1036,31,48
S1037,31,49
S1038,31,50
S1039,31,51
S1040,31,52
S1041,31,53
S1042,31,54
S1043,31,55
S1044,31,56
S1045,31,57
S1046,31,58
S1047,31,59
S1048,31,60
S1049,31,61
S1050,31,62
S1051,31,63
S1052,31,64
S1053,31,65
S1054,31,66
S1055,31,67
S1056,31,68
S1057,31,70
S1058,31,71
S1059,31,72
S1060,31,73
S1061,31,74
S1062,31,75
S1063,31,76
S1064,31,77
S1065,31,78
S1066,31,79
S1067,31,80
S1068,31,81
S1069,31,82
S1070,31,83
S1071,31,84
S1072,31,85
S1073,31,86
S1074,31,87
S1075,31,88
S1076,31,90
S1077,32,21
S1078,32,22
S1079,32,23
S1080,32,24
S1081,32,25
S1082,32,26
S1083,32,27
S1084,32,28
S1085,32,29
S1086,32,30
S1087,32,31
S1088,32,32
S1089,32,33
S1090,32,34
S1091,32,35
S1092,32,36
S1093,32,37
S1094,32,38
S1095,32,39
S1096,32,40
S1097,32,42
S1098,32,43
S1099,32,44
S1100,32,45
S1101,32,46
S1102,32,49
S1103,32,50
S1104,32,51
S1105,32,52
S1106,32,53
S1107,32,54
S1108,32,55
S1109,32,56
S1110,32,57
S1111,32,58
S1112,32,59
S1113,32,60
S1114,32,61
S1115,32,62
S1116,32,63
S1117,32,64
S1118,32,65
S1119,32,66
S1120,32,67
S1121,32,68
S1122,32,69
S1123,32,70
S1124,32,71
S1125,32,72
S1126,32,73
S1127,32,74
S1128,32,75
S1129,32,76
S1130,32,77
S1131,32,78
S1132,32,79
S1133,32,80
S1134,32,81
S1135,32,82
S1136,32,83
S1137,32,84
S1138,32,85
S1139,32,86
S1140,32,87
S1141,32,88
S1142,32,89
S1143,32,91
S1144,32,94
S1145,33,20
S1146,33,21
S1147,33,23
S1148,33,24
S1149,33,25
S1150,33,26
S1151,33,27
S1152,33,28
S1153,33,29
S1154,33,30
S1155,33,31
S1156,33,32
S1157,33,33
S1158,33,34
S1159,33,35
S1160,33,36
S1161,33,37
S1162,33,38
S1163,33,39
S1164,33,40
S1165,33,41
S1166,33,42
S1167,33,43
S1168,33,44
S1169,33,45
S1170,33,46
S1171,33,48
S1172,33,49
S1173,33,50
S1174,33,51
S1175,33,52
S1176,33,53
S1177,33,54
S1178,33,55
S1179,33,56
S1180,33,57
S1181,33,58
S1182,33,59
S1183,33,60
S1184,33,61
S1185,33,62
S1186,33,63
S1187,33,64
S1188,33,65
S1189,33,66
S1190,33,67
S1191,33,68
S1192,33,69
S1193,33,70
S1194,33,71
S1195,33,72
S1196,33,73
S1197,33,74
S1198,33,75
S1199,33,76
S1200,33,77
S1201,33,78
S1202,33,79
S1203,33,80
S1204,33,81
S1205,33,83
S1206,33,84
S1207,33,85
S1208,33,87
S1209,33,88
S1210,33,95
S1211,34,18
S1212,34,19
S1213,34,20
S1214,34,22
S1215,34,23
S1216,34,25
S1217,34,26
S1218,34,27
S1219,34,28
S1220,34,29
S1221,34,30
S1222,34,32
S1223,34,33
S1224,34,34
S1225,34,35
S1226,34,36
S1227,34,37
S1228,34,38
S1229,34,39
S1230,34,40
S1231,34,41
S1232,34,42
S1233,34,43
S1234,34,44
S1235,34,45
S1236,34,46
S1237,34,47
S1238,34,48
S1239,34,49
S1240,34,50
S1241,34,51
S1242,34,52
S1243,34,53
S1244,34,54
S1245,34,55
S1246,34,56
S1247,34,57
S1248,34,58
S1249,34,59
S1250,34,60
S1251,34,61
S1252,34,62
S1253,34,63
S1254,34,64
S1255,34,65
S1256,34,66
S1257,34,67
S1258,34,68
S1259,34,69
S1260,34,70
S1261,34,71
S1262,34,72
S1263,34,73
S1264,34,74
S1265,34,75
S1266,34,76
S1267,34,77
S1268,34,78
S1269,34,79
S1270,34,80
S1271,34,81
S1272,34,82
S1273,34,83
S1274,34,84
S1275,34,87
S1276,34,97
S1277,35,12
S1278,35,13
S1279,35,14
S1280,35,15
S1281,35,16
S1282,35,17
S1283,35,18
S1284,35,19
S1285,35,20
S1286,35,24
S1287,35,26
S1288,35,27
S1289,35,28
S1290,35,29
S1291,35,30
S1292,35,31
S1293,35,32
S1294,35,33
S1295,35,34
S1296,35,35
S1297,35,36
S1298,35,37
S1299,35,38
S1300,35,39
S1301,35,40
S1302,35,41
S1303,35,42
S1304,35,43
S1305,35,44
S1306,35,45
S1307,35,46
S1308,35,47
S1309,35,48
S1310,35,49
S1311,35,50
S1312,35,51
S1313,35,52
S1314,35,53
S1315,35,54
S1316,35,55
S1317,35,56
S1318,35,57
S1319,35,58
S1320,35,59
S1321,35,60
S1322,35,61
S1323,35,62
S1324,35,63
S1325,35,64
S1326,35,65
S1327,35,66
S1328,35,67
S1329,35,68
S1330,35,69
S1331,35,70
S1332,35,71
S1333,35,72
S1334,35,73
S1335,35,74
S1336,35,75
S1337,35,76
S1338,35,77
S1339,35,78
S1340,35,79
S1341,35,80
S1342,35,81
S1343,35,82
S1344,35,83
S1345,35,84
S1346,35,85
S1347,35,88
S1348,35,89
S1349,36,11
S1350,36,12
S1351,36,13
S1352,36,14
S1353,36,15
S1354,36,16
S1355,36,17
S1356,36,18
S1357,36,19
S1358,36,20
S1359,36,21
S1360,36,22
S1361,36,23
S1362,36,24
S1363,36,25
S1364,36,26
S1365,36,27
S1366,36,28
S1367,36,29
S1368,36,30
S1369,36,32
S1370,36,33
S1371,36,34
S1372,36,35
S1373,36,36
S1374,36,37
S1375,36,38
S1376,36,39
S1377,36,40
S1378,36,41
S1379,36,42
S1380,36,43
S1381,36,44
S1382,36,45
S1383,36,46
S1384,36,47
S1385,36,48
S1386,36,49
S1387,36,50
S1388,36,51
S1389,36,52
S1390,36,53
S1391,36,54
S1392,36,55
S1393,36,56
S1394,36,57
S1395,36,58
S1396,36,59
S1397,36,60
S1398,36,61
S1399,36,62
S1400,36,63
S1401,36,64
S1402,36,65
S1403,36,66
S1404,36,67
S1405,36,68
S1406,36,69
S1407,36,70
S1408,36,71
S1409,36,72
S1410,36,73
S1411,36,74
S1412,36,75
S1413,36,76
S1414,36,77
S1415,36,78
S1416,36,79
S1417,36,80
S1418,36,81
S1419,36,82
S1420,36,83
S1421,36,84
S1422,36,85
S1423,36,86
S1424,36,88
S1425,36,91
S1426,36,97
S1427,37,11
S1428,37,12
S1429,37,13
S1430,37,14
S1431,37,15
S1432,37,16
S1433,37,17
S1434,37,18
S1435,37,19
S1436,37,20
S1437,37,21
S1438,37,22
S1439,37,23
S1440,37,24
S1441,37,25
S1442,37,26
S1443,37,27
S1444,37,28
S1445,37,29
S1446,37,30
S1447,37,31
S1448,37,32
S1449,37,33
S1450,37,34
S1451,37,35
S1452,37,36
S1453,37,37
S1454,37,38
S1455,37,39
S1456,37,41
S1457,37,42
S1458,37,43
S1459,37,44
S1460,37,45
S1461,37,46
S1462,37,47
S1463,37,48
S1464,37,49
S1465,37,50
S1466,37,51
S1467,37,52
S1468,37,53
S1469,37,54
S1470,37,55
S1471,37,56
S1472,37,57
S1473,37,58
S1474,37,59
S1475,37,60
S1476,37,61
S1477,37,62
S1478,37,63
S1479,37,64
S1480,37,65
S1481,37,66
S1482,37,67
S1483,37,68
S1484,37,69
S1485,37,70
S1486,37,71
S1487,37,72
S1488,37,73
S1489,37,74
S1490,37,75
S1491,37,76
S1492,37,77
S1493,37,78
S1494,37,79
S1495,37,80
S1496,37,81
S1497,37,82
S1498,37,83
S1499,37,84
S1500,37,85
S1501,37,87
S1502,37,93
S1503,37,94
S1504,37,97
S1505,38,10
S1506,38,11
S1507,38,12
S1508,38,13
S1509,38,14
S1510,38,15
S1511,38,16
S1512,38,17
S1513,38,18
S1514,38,19
S1515,38,20
S1516,38,21
S1517,38,22
S1518,38,23
S1519,38,24
S1520,38,25
S1521,38,26
S1522,38,27
S1523,38,28
S1524,38,29
S1525,38,30
S1526,38,31
S1527,38,33
S1528,38,34
S1529,38,35
S1530,38,36
S1531,38,37
S1532,38,38
S1533,38,39
S1534,38,40
S1535,38,41
S1536,38,42
S1537,38,43
S1538,38,44
S1539,38,45
S1540,38,46
S1541,38,47
S1542,38,48
S1543,38,49
S1544,38,50
S1545,38,51
S1546,38,52
S1547,38,53
S1548,38,54
S1549,38,55
S1550,38,56
S1551,38,57
S1552,38,58
S1553,38,59
S1554,38,60
S1555,38,61
S1556,38,62
S1557,38,63
S1558,38,64
S1559,38,65
S1560,38,66
S1561,38,67
S1562,38,68
S1563,38,69
S1564,38,70
S1565,38,71
S1566,38,72
S1567,38,73
S1568,38,74
S1569,38,75
S1570,38,76
S1571,38,77
S1572,38,78
S1573,38,79
S1574,38,80
S1575,38,81
S1576,38,82
S1577,38,83
S1578,38,84
S1579,38,85
S1580,38,87
S1581,38,88
S1582,38,90
S1583,38,91
S1584,38,94
S1585,39,10
S1586,39,11
S1587,39,13
S1588,39,14
S1589,39,15
S1590,39,16
S1591,39,17
S1592,39,18
S1593,39,19
S1594,39,20
S1595,39,21
S1596,39,22
S1597,39,23
S1598,39,24
S1599,39,25
S1600,39,27
S1601,39,28
S1602,39,29
S1603,39,30
S1604,39,31
S1605,39,32
S1606,39,33
S1607,39,34
S1608,39,35
S1609,39,36
S1610,39,37
S1611,39,38
S1612,39,39
S1613,39,40
S1614,39,41
S1615,39,42
S1616,39,43
S1617,39,44
S1618,39,45
S1619,39,46
S1620,39,47
S1621,39,48
S1622,39,49
S1623,39,50
S1624,39,51
S1625,39,52
S1626,39,53
S1627,39,54
S1628,39,55
S1629,39,56
S1630,39,57
S1631,39,58
S1632,39,59
S1633,39,60
S1634,39,61
S1635,39,62
S1636,39,63
S1637,39,64
S1638,39,65
S1639,39,66
S1640,39,67
S1641,39,68
S1642,39,69
S1643,39,70
S1644,39,71
S1645,39,72
S1646,39,73
S1647,39,74
S1648,39,75
S1649,39,76
S1650,39,77
S1651,39,78
S1652,39,79
S1653,39,80
S1654,39,81
S1655,39,82
S1656,39,83
S1657,39,84
S1658,39,85
S1659,39,86
S1660,39,87
S1661,39,88
S1662,39,89
S1663,39,90
S1664,39,91
S1665,39,93
S1666,39,94
S1667,39,95
S1668,40,10
S1669,40,11
S1670,40,12
S1671,40,13
S1672,40,14
S1673,40,15
S1674,40,17
S1675,40,18
S1676,40,19
S1677,40,20
S1678,40,21
S1679,40,22
S1680,40,23
S1681,40,24
S1682,40,25
S1683,40,26
S1684,40,27
S1685,40,28
S1686,40,29
S1687,40,30
S1688,40,31
S1689,40,32
S1690,40,33
S1691,40,34
S1692,40,35
S1693,40,37
S1694,40,38
S1695,40,39
S1696,40,40
S1697,40,41
S1698,40,42
S1699,40,43
S1700,40,44
S1701,40,45
S1702,40,46
S1703,40,47
S1704,40,48
S1705,40,49
S1706,40,50
S1707,40,51
S1708,40,52
S1709,40,53
S1710,40,54
S1711,40,55
S1712,40,56
S1713,40,57
S1714,40,58
S1715,40,59
S1716,40,60
S1717,40,61
S1718,40,62
S1719,40,63
S1720,40,64
S1721,40,65
S1722,40,66
S1723,40,67
S1724,40,68
S1725,40,69
S1726,40,70
S1727,40,71
S1728,40,72
S1729,40,73
S1730,40,74
S1731,40,75
S1732,40,76
S1733,40,77
S1734,40,78
S1735,40,79
S1736,40,80
S1737,40,81
S1738,40,82
S1739,40,83
S1740,40,84
S1741,40,85
S1742,40,86
S1743,40,87
S1744,40,88
S1745,40,89
S1746,40,90
S1747,40,91
S1748,40,92
S1749,40,93
S1750,40,94
S1751,41,10
S1752,41,11
S1753,41,12
S1754,41,13
S1755,41,14
S1756,41,15
S1757,41,16
S1758,41,17
S1759,41,18
S1760,41,19
S1761,41,20
S1762,41,21
S1763,41,22
S1764,41,23
S1765,41,24
S1766,41,25
S1767,41,26
S1768,41,27
S1769,41,28
S1770,41,29
S1771,41,30
S1772,41,31
S1773,41,32
S1774,41,33
S1775,41,34
S1776,41,35
S1777,41,38
S1778,41,39
S1779,41,40
S1780,41,41
S1781,41,42
S1782,41,43
S1783,41,44
S1784,41,45
S1785,41,46
S1786,41,47
S1787,41,48
S1788,41,49
S1789,41,50
S1790,41,51
S1791,41,52
S1792,41,53
S1793,41,54
S1794,41,55
S1795,41,56
S1796,41,57
S1797,41,58
S1798,41,59
S1799,41,60
S1800,41,61
S1801,41,62
S1802,41,63
S1803,41,64
S1804,41,65
S1805,41,66
S1806,41,67
S1807,41,68
S1808,41,69
S1809,41,70
S1810,41,71
S1811,41,72
S1812,41,73
S1813,41,74
S1814,41,75
S1815,41,76
S1816,41,77
S1817,41,78
S1818,41,79
S1819,41,80
S1820,41,81
S1821,41,82
S1822,41,83
S1823,41,84
S1824,41,85
S1825,41,86
S1826,41,87
S1827,41,88
S1828,41,89
S1829,41,90
S1830,41,91
S1831,41,92
S1832,41,93
S1833,41,94
S1834,41,95
S1835,41,100
S1836,42,9
S1837,42,10
S1838,42,11
S1839,42,12
S1840,42,13
S1841,42,14
S1842,42,15
S1843,42,16
S1844,42,17
S1845,42,18
S1846,42,19
S1847,42,20
S1848,42,21
S1849,42,22
S1850,42,23
S1851,42,24
S1852,42,25
S1853,42,26
S1854,42,27
S1855,42,28
S1856,42,29
S1857,42,30
S1858,42,31
S1859,42,32
S1860,42,33
S1861,42,34
S1862,42,35
S1863,42,36
S1864,42,37
S1865,42,38
S1866,42,39
S1867,42,40
S1868,42,41
S1869,42,42
S1870,42,43
S1871,42,44
S1872,42,45
S1873,42,46
S1874,42,47
S1875,42,48
S1876,42,49
S1877,42,50
S1878,42,51
S1879,42,52
S1880,42,53
S1881,42,54
S1882,42,55
S1883,42,56
S1884,42,57
S1885,42,58
S1886,42,59
S1887,42,60
S1888,42,61
S1889,42,62
S1890,42,63
S1891,42,64
S1892,42,65
S1893,42,66
S1894,42,67
S1895,42,68
S1896,42,69
S1897,42,70
S1898,42,71
S1899,42,72
S1900,42,73
S1901,42,74
S1902,42,75
S1903,42,76
S1904,42,77
S1905,42,78
S1906,42,79
S1907,42,80
S1908,42,81
S1909,42,82
S1910,42,84
S1911,42,85
S1912,42,86
S1913,42,87
S1914,42,88
S1915,42,89
S1916,42,90
S1917,42,91
S1918,42,92
S1919,42,93
S1920,42,94
S1921,42,98
S1922,43,9
S1923,43,10
S1924,43,11
S1925,43,12
S1926,43,13
S1927,43,14
S1928,43,15
S1929,43,16
S1930,43,17
S1931,43,18
S1932,43,19
S1933,43,20
S1934,43,21
S1935,43,22
S1936,43,23
S1937,43,24
S1938,43,25
S1939,43,26
S1940,43,27
S1941,43,28
S1942,43,29
S1943,43,30
S1944,43,31
S1945,43,32
S1946,43,33
S1947,43,34
S1948,43,35
S1949,43,36
S1950,43,37
S1951,43,38
S1952,43,39
S1953,43,40
S1954,43,41
S1955,43,43
S1956,43,44
S1957,43,45
S1958,43,46
S1959,43,47
S1960,43,48
S1961,43,49
S1962,43,50
S1963,43,51
S1964,43,52
S1965,43,53
S1966,43,54
S1967,43,55
S1968,43,56
S1969,43,57
S1970,43,58
S1971,43,59
S1972,43,60
S1973,43,61
S1974,43,62
S1975,43,63
S1976,43,64
S1977,43,65
S1978,43,66
S1979,43,67
S1980,43,68
S1981,43,69
S1982,43,70
S1983,43,71
S1984,43,72
S1985,43,73
S1986,43,74
S1987,43,75
S1988,43,77
S1989,43,78
S1990,43,79
S1991,43,80
S1992,43,81
S1993,43,82
S1994,43,83
S1995,43,84
S1996,43,85
S1997,43,86
S1998,43,87
S1999,43,88
S2000,43,89
S2001,43,90
S2002,43,91
S2003,43,92
S2004,43,96
S2005,43,97
S2006,44,10
S2007,44,11
S2008,44,12
S2009,44,13
S2010,44,14
S2011,44,15
S2012,44,16
S2013,44,17
S2014,44,18
S2015,44,19
S2016,44,20
S2017,44,21
S2018,44,22
S2019,44,23
S2020,44,24
S2021,44,25
S2022,44,26
S2023,44,27
S2024,44,28
S2025,44,29
S2026,44,30
S2027,44,31
S2028,44,32
S2029,44,33
S2030,44,34
S2031,44,36
S2032,44,37
S2033,44,38
S2034,44,39
S2035,44,40
S2036,44,41
S2037,44,42
S2038,44,43
S2039,44,44
S2040,44,45
S2041,44,46
S2042,44,47
S2043,44,48
S2044,44,49
S2045,44,50
S2046,44,51
S2047,44,52
S2048,44,53
S2049,44,54
S2050,44,56
S2051,44,57
S2052,44,58
S2053,44,59
S2054,44,60
S2055,44,61
S2056,44,62
S2057,44,63
S2058,44,64
S2059,44,65
S2060,44,66
S2061,44,67
S2062,44,68
S2063,44,69
S2064,44,70
S2065,44,71
S2066,44,72
S2067,44,73
S2068,44,74
S2069,44,75
S2070,44,76
S2071,44,77
S2072,44,78
S2073,44,79
S2074,44,80
S2075,44,81
S2076,44,82
S2077,44,83
S2078,44,84
S2079,44,85
S2080,44,86
S2081,44,87
S2082,44,88
S2083,44,89
S2084,44,90
S2085,44,91
S2086,44,92
S2087,44,93
S2088,45,9
S2089,45,10
S2090,45,11
S2091,45,12
S2092,45,13
S2093,45,14
S2094,45,15
S2095,45,16
S2096,45,17
S2097,45,19
S2098,45,20
S2099,45,21
S2100,45,22
S2101,45,23
S2102,45,24
S2103,45,25
S2104,45,26
S2105,45,27
S2106,45,28
S2107,45,29
S2108,45,30
S2109,45,31
S2110,45,32
S2111,45,33
S2112,45,34
S2113,45,35
S2114,45,36
S2115,45,37
S2116,45,38
S2117,45,39
S2118,45,40
S2119,45,41
S2120,45,42
S2121,45,43
S2122,45,44
S2123,45,45
S2124,45,46
S2125,45,47
S2126,45,48
S2127,45,49
S2128,45,50
S2129,45,51
S2130,45,52
S2131,45,53
S2132,45,54
S2133,45,55
S2134,45,56
S2135,45,57
S2136,45,58
S2137,45,59
S2138,45,60
S2139,45,61
S2140,45,62
S2141,45,63
S2142,45,64
S2143,45,65
S2144,45,66
S2145,45,67
S2146,45,68
S2147,45,69
S2148,45,70
S2149,45,71
S2150,45,72
S2151,45,73
S2152,45,74
S2153,45,75
S2154,45,76
S2155,45,77
S2156,45,78
S2157,45,79
S2158,45,80
S2159,45,81
S2160,45,82
S2161,45,83
S2162,45,84
S2163,45,85
S2164,45,86
S2165,45,87
S2166,45,88
S2167,45,89
S2168,45,90
S2169,45,91
S2170,45,92
S2171,45,93
S2172,45,94
S2173,46,9
S2174,46,10
S2175,46,11
S2176,46,12
S2177,46,13
S2178,46,14
S2179,46,15
S2180,46,16
S2181,46,17
S2182,46,18
S2183,46,19
S2184,46,20
S2185,46,21
S2186,46,22
S2187,46,23
S2188,46,24
S2189,46,25
S2190,46,26
S2191,46,27
S2192,46,28
S2193,46,29
S2194,46,30
S2195,46,31
S2196,46,32
S2197,46,33
S2198,46,34
S2199,46,35
S2200,46,36
S2201,46,37
S2202,46,38
S2203,46,39
S2204,46,40
S2205,46,41
S2206,46,42
S2207,46,43
S2208,46,44
S2209,46,45
S2210,46,46
S2211,46,47
S2212,46,48
S2213,46,49
S2214,46,50
S2215,46,51
S2216,46,52
S2217,46,53
S2218,46,54
S2219,46,55
S2220,46,56
S2221,46,57
S2222,46,58
S2223,46,59
S2224,46,60
S2225,46,61
S2226,46,62
S2227,46,63
S2228,46,64
S2229,46,65
S2230,46,66
S2231,46,67
S2232,46,68
S2233,46,69
S2234,46,70
S2235,46,71
S2236,46,72
S2237,46,73
S2238,46,74
S2239,46,75
S2240,46,76
S2241,46,77
S2242,46,78
S2243,46,79
S2244,46,80
S2245,46,81
S2246,46,82
S2247,46,83
S2248,46,84
S2249,46,85
S2250,46,86
S2251,46,87
S2252,46,88
S2253,46,89
S2254,46,90
S2255,46,91
S2256,46,92
S2257,46,93
S2258,46,94
S2259,46,95
S2260,47,9
S2261,47,10
S2262,47,11
S2263,47,12
S2264,47,13
S2265,47,14
S2266,47,15
S2267,47,16
S2268,47,17
S2269,47,18
S2270,47,19
S2271,47,20
S2272,47,21
S2273,47,22
S2274,47,23
S2275,47,24
S2276,47,25
S2277,47,26
S2278,47,27
S2279,47,28
S2280,47,29
S2281,47,30
S2282,47,31
S2283,47,32
S2284,47,33
S2285,47,34
S2286,47,35
S2287,47,36
S2288,47,37
S2289,47,38
S2290,47,39
S2291,47,40
S2292,47,41
S2293,47,42
S2294,47,43
S2295,47,44
S2296,47,45
S2297,47,46
S2298,47,47
S2299,47,48
S2300,47,49
S2301,47,50
S2302,47,51
S2303,47,52
S2304,47,53
S2305,47,54
S2306,47,55
S2307,47,56
S2308,47,57
S2309,47,58
S2310,47,59
S2311,47,60
S2312,47,61
S2313,47,62
S2314,47,63
S2315,47,64
S2316,47,65
S2317,47,66
S2318,47,67
S2319,47,68
S2320,47,69
S2321,47,70
S2322,47,71
S2323,47,72
S2324,47,73
S2325,47,74
S2326,47,75
S2327,47,76
S2328,47,77
S2329,47,78
S2330,47,79
S2331,47,80
S2332,47,82
S2333,47,83
S2334,47,84
S2335,47,85
S2336,47,86
S2337,47,87
S2338,47,88
S2339,47,89
S2340,47,90
S2341,47,91
S2342,47,92
S2343,47,93
S2344,47,94
S2345,47,95
S2346,48,9
S2347,48,10
S2348,48,11
S2349,48,12
S2350,48,13
S2351,48,14
S2352,48,15
S2353,48,16
S2354,48,17
S2355,48,18
S2356,48,19
S2357,48,20
S2358,48,21
S2359,48,22
S2360,48,23
S2361,48,24
S2362,48,25
S2363,48,26
S2364,48,27
S2365,48,28
S2366,48,29
S2367,48,30
S2368,48,31
S2369,48,32
S2370,48,33
S2371,48,34
S2372,48,35
S2373,48,36
S2374,48,37
S2375,48,38
S2376,48,39
S2377,48,40
S2378,48,41
S2379,48,42
S2380,48,43
S2381,48,44
S2382,48,45
S2383,48,46
S2384,48,47
S2385,48,48
S2386,48,49
S2387,48,50
S2388,48,51
S2389,48,52
S2390,48,53
S2391,48,54
S2392,48,55
S2393,48,56
S2394,48,57
S2395,48,58
S2396,48,59
S2397,48,60
S2398,48,61
S2399,48,62
S2400,48,63
S2401,48,64
S2402,48,65
S2403,48,66
S2404,48,67
S2405,48,68
S2406,48,69
S2407,48,70
S2408,48,71
S2409,48,72
S2410,48,73
S2411,48,74
S2412,48,75
S2413,48,76
S2414,48,77
S2415,48,78
S2416,48,80
S2417,48,81
S2418,48,82
S2419,48,83
S2420,48,84
S2421,48,85
S2422,48,86
S2423,48,87
S2424,48,88
S2425,48,89
S2426,48,90
S2427,48,91
S2428,48,92
S2429,48,93
S2430,48,94
S2431,48,95
S2432,49,9
S2433,49,10
S2434,49,11
S2435,49,12
S2436,49,13
S2437,49,14
S2438,49,15
S2439,49,16
S2440,49,17
S2441,49,18
S2442,49,19
S2443,49,20
S2444,49,21
S2445,49,22
S2446,49,23
S2447,49,24
S2448,49,25
S2449,49,26
S2450,49,27
S2451,49,28
S2452,49,29
S2453,49,30
S2454,49,31
S2455,49,32
S2456,49,33
S2457,49,35
S2458,49,36
S2459,49,37
S2460,49,38
S2461,49,39
S2462,49,40
S2463,49,41
S2464,49,42
S2465,49,43
S2466,49,44
S2467,49,45
S2468,49,46
S2469,49,47
S2470,49,48
S2471,49,49
S2472,49,50
S2473,49,51
S2474,49,52
S2475,49,53
S2476,49,54
S2477,49,55
S2478,49,56
S2479,49,57
S2480,49,58
S2481,49,59
S2482,49,60
S2483,49,61
S2484,49,62
S2485,49,64
S2486,49,65
S2487,49,66
S2488,49,67
S2489,49,68
S2490,49,69
S2491,49,70
S2492,49,71
S2493,49,72
S2494,49,73
S2495,49,74
S2496,49,75
S2497,49,76
S2498,49,77
S2499,49,78
S2500,49,79
S2501,49,80
S2502,49,81
S2503,49,82
S2504,49,83
S2505,49,84
S2506,49,85
S2507,49,86
S2508,49,87
S2509,49,88
S2510,49,89
S2511,49,90
S2512,49,91
S2513,49,92
S2514,49,93
S2515,49,94
S2516,49,95
S2517,49,96
S2518,50,9
S2519,50,10
S2520,50,11
S2521,50,12
S2522,50,13
S2523,50,14
S2524,50,15
S2525,50,16
S2526,50,17
S2527,50,18
S2528,50,19
S2529,50,20
S2530,50,21
S2531,50,22
S2532,50,23
S2533,50,24
S2534,50,25
S2535,50,26
S2536,50,27
S2537,50,28
S2538,50,29
S2539,50,30
S2540,50,31
S2541,50,32
S2542,50,33
S2543,50,34
S2544,50,35
S2545,50,36
S2546,50,37
S2547,50,38
S2548,50,39
S2549,50,40
S2550,50,41
S2551,50,42
S2552,50,43
S2553,50,44
S2554,50,45
S2555,50,46
S2556,50,47
S2557,50,48
S2558,50,49
S2559,50,50
S2560,50,51
S2561,50,52
S2562,50,53
S2563,50,54
S2564,50,55
S2565,50,56
S2566,50,57
S2567,50,58
S2568,50,59
S2569,50,60
S2570,50,61
S2571,50,62
S2572,50,63
S2573,50,64
S2574,50,65
S2575,50,66
S2576,50,67
S2577,50,68
S2578,50,69
S2579,50,70
S2580,50,71
S2581,50,72
S2582,50,73
S2583,50,74
S2584,50,75
S2585,50,76
S2586,50,77
S2587,50,78
S2588,50,79
S2589,50,80
S2590,50,81
S2591,50,82
S2592,50,83
S2593,50,84
S2594,50,85
S2595,50,86
S2596,50,87
S2597,50,88
S2598,50,89
S2599,50,90
S2600,50,91
S2601,50,92
S2602,50,93
S2603,50,94
S2604,50,96
S2605,50,97
S2606,51,10
S2607,51,11
S2608,51,12
S2609,51,13
S2610,51,14
S2611,51,15
S2612,51,16
S2613,51,17
S2614,51,18
S2615,51,19
S2616,51,20
S2617,51,21
S2618,51,22
S2619,51,23
S2620,51,24
S2621,51,25
S2622,51,26
S2623,51,27
S2624,51,28
S2625,51,29
S2626,51,30
S2627,51,31
S2628,51,32
S2629,51,33
S2630,51,34
S2631,51,35
S2632,51,36
S2633,51,37
S2634,51,38
S2635,51,39
S2636,51,40
S2637,51,41
S2638,51,42
S2639,51,43
S2640,51,44
S2641,51,45
S2642,51,46
S2643,51,47
S2644,51,48
S2645,51,49
S2646,51,50
S2647,51,51
S2648,51,52
S2649,51,53
S2650,51,54
S2651,51,55
S2652,51,56
S2653,51,57
S2654,51,58
S2655,51,59
S2656,51,60
S2657,51,61
S2658,51,62
S2659,51,63
S2660,51,64
S2661,51,65
S2662,51,66
S2663,51,68
S2664,51,69
S2665,51,70
S2666,51,71
S2667,51,72
S2668,51,73
S2669,51,74
S2670,51,75
S2671,51,76
S2672,51,77
S2673,51,78
S2674,51,79
S2675,51,80
S2676,51,81
S2677,51,82
S2678,51,83
S2679,51,84
S2680,51,85
S2681,51,86
S2682,51,87
S2683,51,88
S2684,51,89
S2685,51,90
S2686,51,91
S2687,51,92
S2688,51,93
S2689,51,94
S2690,51,95
S2691,51,96
S2692,51,97
S2693,52,10
S2694,52,11
S2695,52,12
S2696,52,13
S2697,52,14
S2698,52,15
S2699,52,16
S2700,52,17
S2701,52,18
S2702,52,19
S2703,52,20
S2704,52,21
S2705,52,22
S2706,52,23
S2707,52,24
S2708,52,25
S2709,52,26
S2710,52,27
S2711,52,28
S2712,52,29
S2713,52,30
S2714,52,31
S2715,52,32
S2716,52,33
S2717,52,34
S2718,52,35
S2719,52,36
S2720,52,37
S2721,52,38
S2722,52,39
S2723,52,40
S2724,52,41
S2725,52,42
S2726,52,43
S2727,52,46
S2728,52,47
S2729,52,48
S2730,52,49
S2731,52,50
S2732,52,51
S2733,52,52
S2734,52,53
S2735,52,54
S2736,52,55
S2737,52,56
S2738,52,58
S2739,52,59
S2740,52,60
S2741,52,61
S2742,52,62
S2743,52,63
S2744,52,64
S2745,52,65
S2746,52,66
S2747,52,67
S2748,52,68
S2749,52,70
S2750,52,71
S2751,52,72
S2752,52,73
S2753,52,74
S2754,52,75
S2755,52,76
S2756,52,77
S2757,52,78
S2758,52,79
S2759,52,80
S2760,52,81
S2761,52,82
S2762,52,83
S2763,52,84
S2764,52,85
S2765,52,86
S2766,52,87
S2767,52,88
S2768,52,89
S2769,52,90
S2770,52,91
S2771,52,92
S2772,52,93
S2773,52,94
S2774,52,96
S2775,53,10
S2776,53,11
S2777,53,12
S2778,53,13
S2779,53,14
S2780,53,15
S2781,53,16
S2782,53,17
S2783,53,18
S2784,53,19
S2785,53,20
S2786,53,21
S2787,53,22
S2788,53,23
S2789,53,24
S2790,53,25
S2791,53,26
S2792,53,27
S2793,53,28
S2794,53,29
S2795,53,30
S2796,53,31
S2797,53,32
S2798,53,33
S2799,53,34
S2800,53,35
S2801,53,36
S2802,53,37
S2803,53,38
S2804,53,39
S2805,53,40
S2806,53,41
S2807,53,42
S2808,53,43
S2809,53,44
S2810,53,45
S2811,53,46
S2812,53,47
S2813,53,48
S2814,53,49
S2815,53,50
S2816,53,51
S2817,53,52
S2818,53,53
S2819,53,54
S2820,53,55
S2821,53,56
S2822,53,57
S2823,53,58
S2824,53,59
S2825,53,60
S2826,53,61
S2827,53,62
S2828,53,63
S2829,53,64
S2830,53,65
S2831,53,66
S2832,53,67
S2833,53,68
S2834,53,69
S2835,53,70
S2836,53,71
S2837,53,72
S2838,53,73
S2839,53,74
S2840,53,75
S2841,53,76
S2842,53,77
S2843,53,78
S2844,53,79
S2845,53,80
S2846,53,81
S2847,53,82
S2848,53,83
S2849,53,84
S2850,53,85
S2851,53,86
S2852,53,87
S2853,53,88
S2854,53,89
S2855,53,90
S2856,53,91
S2857,53,92
S2858,53,93
S2859,53,94
S2860,53,95
S2861,54,10
S2862,54,11
S2863,54,12
S2864,54,13
S2865,54,14
S2866,54,15
S2867,54,16
S2868,54,17
S2869,54,18
S2870,54,19
S2871,54,20
S2872,54,21
S2873,54,22
S2874,54,23
S2875,54,24
S2876,54,25
S2877,54,26
S2878,54,27
S2879,54,28
S2880,54,29
S2881,54,30
S2882,54,31
S2883,54,32
S2884,54,33
S2885,54,34
S2886,54,35
S2887,54,36
S2888,54,37
S2889,54,38
S2890,54,39
S2891,54,40
S2892,54,41
S2893,54,42
S2894,54,43
S2895,54,44
S2896,54,45
S2897,54,46
S2898,54,47
S2899,54,48
S2900,54,49
S2901,54,50
S2902,54,51
S2903,54,52
S2904,54,53
S2905,54,54
S2906,54,55
S2907,54,56
S2908,54,57
S2909,54,58
S2910,54,59
S2911,54,60
S2912,54,61
S2913,54,62
S2914,54,63
S2915,54,64
S2916,54,65
S2917,54,66
S2918,54,67
S2919,54,68
S2920,54,69
S2921,54,70
S2922,54,71
S2923,54,72
S2924,54,73
S2925,54,74
S2926,54,75
S2927,54,76
S2928,54,77
S2929,54,78
S2930,54,79
S2931,54,80
S2932,54,81
S2933,54,82
S2934,54,83
S2935,54,84
S2936,54,85
S2937,54,86
S2938,54,87
S2939,54,88
S2940,54,89
S2941,54,90
S2942,54,91
S2943,54,92
S2944,54,93
S2945,54,94
S2946,54,96
S2947,55,10
S2948,55,11
S2949,55,12
S2950,55,13
S2951,55,14
S2952,55,15
S2953,55,16
S2954,55,17
S2955,55,18
S2956,55,19
S2957,55,20
S2958,55,21
S2959,55,22
S2960,55,23
S2961,55,24
S2962,55,25
S2963,55,26
S2964,55,27
S2965,55,28
S2966,55,29
S2967,55,30
S2968,55,31
S2969,55,32
S2970,55,33
S2971,55,34
S2972,55,35
S2973,55,36
S2974,55,37
S2975,55,38
S2976,55,39
S2977,55,40
S2978,55,41
S2979,55,42
S2980,55,43
S2981,55,44
S2982,55,45
S2983,55,46
S2984,55,47
S2985,55,48
S2986,55,49
S2987,55,50
S2988,55,51
S2989,55,52
S2990,55,53
S2991,55,54
S2992,55,55
S2993,55,56
S2994,55,57
S2995,55,58
S2996,55,59
S2997,55,60
S2998,55,61
S2999,55,62
S3000,55,63
S3001,55,64
S3002,55,65
S3003,55,66
S3004,55,67
S3005,55,68
S3006,55,69
S3007,55,70
S3008,55,71
S3009,55,72
S3010,55,73
S3011,55,74
S3012,55,75
S3013,55,76
S3014,55,77
S3015,55,78
S3016,55,79
S3017,55,80
S3018,55,81
S3019,55,82
S3020,55,83
S3021,55,84
S3022,55,85
S3023,55,86
S3024,55,87
S3025,55,88
S3026,55,89
S3027,55,90
S3028,55,91
S3029,55,92
S3030,55,93
S3031,55,94
S3032,56,11
S3033,56,12
S3034,56,13
S3035,56,14
S3036,56,15
S3037,56,16
S3038,56,17
S3039,56,18
S3040,56,19
S3041,56,20
S3042,56,21
S3043,56,22
S3044,56,23
S3045,56,24
S3046,56,25
S3047,56,26
S3048,56,27
S3049,56,28
S3050,56,29
S3051,56,30
S3052,56,31
S3053,56,32
S3054,56,33
S3055,56,34
S3056,56,35
S3057,56,36
S3058,56,37
S3059,56,38
S3060,56,39
S3061,56,40
S3062,56,41
S3063,56,42
S3064,56,43
S3065,56,44
S3066,56,45
S3067,56,46
S3068,56,47
S3069,56,48
S3070,56,49
S3071,56,50
S3072,56,51
S3073,56,52
S3074,56,53
S3075,56,54
S3076,56,55
S3077,56,56
S3078,56,57
S3079,56,58
S3080,56,59
S3081,56,60
S3082,56,61
S3083,56,62
S3084,56,63
S3085,56,64
S3086,56,65
S3087,56,66
S3088,56,67
S3089,56,68
S3090,56,69
S3091,56,70
S3092,56,71
S3093,56,72
S3094,56,73
S3095,56,74
S3096,56,75
S3097,56,76
S3098,56,77
S3099,56,78
S3100,56,79
S3101,56,80
S3102,56,81
S3103,56,82
S3104,56,83
S3105,56,84
S3106,56,85
S3107,56,86
S3108,56,87
S3109,56,88
S3110,56,89
S3111,56,90
S3112,56,91
S3113,56,92
S3114,56,93
S3115,56,94
S3116,56,97
S3117,57,10
S3118,57,11
S3119,57,12
S3120,57,13
S3121,57,14
S3122,57,15
S3123,57,16
S3124,57,17
S3125,57,18
S3126,57,19
S3127,57,20
S3128,57,21
S3129,57,22
S3130,57,23
S3131,57,24
S3132,57,25
S3133,57,26
S3134,57,27
S3135,57,28
S3136,57,29
S3137,57,30
S3138,57,31
S3139,57,32
S3140,57,33
S3141,57,34
S3142,57,35
S3143,57,36
S3144,57,37
S3145,57,38
S3146,57,39
S3147,57,40
S3148,57,41
S3149,57,42
S3150,57,43
S3151,57,44
S3152,57,45
S3153,57,46
S3154,57,47
S3155,57,48
S3156,57,49
S3157,57,50
S3158,57,51
S3159,57,52
S3160,57,53
S3161,57,54
S3162,57,55
S3163,57,56
S3164,57,57
S3165,57,58
S3166,57,59
S3167,57,60
S3168,57,61
S3169,57,62
S3170,57,63
S3171,57,64
S3172,57,65
S3173,57,66
S3174,57,67
S3175,57,68
S3176,57,69
S3177,57,70
S3178,57,71
S3179,57,72
S3180,57,73
S3181,57,74
S3182,57,75
S3183,57,76
S3184,57,77
S3185,57,78
S3186,57,79
S3187,57,80
S3188,57,81
S3189,57,82
S3190,57,83
S3191,57,84
S3192,57,85
S3193,57,86
S3194,57,87
S3195,57,88
S3196,57,89
S3197,57,90
S3198,57,91
S3199,57,92
S3200,57,93
S3201,57,94
S3202,58,11
S3203,58,12
S3204,58,13
S3205,58,14
S3206,58,15
S3207,58,16
S3208,58,17
S3209,58,18
S3210,58,19
S3211,58,20
S3212,58,21
S3213,58,22
S3214,58,23
S3215,58,24
S3216,58,25
S3217,58,26
S3218,58,27
S3219,58,28
S3220,58,29
S3221,58,30
S3222,58,31
S3223,58,32
S3224,58,33
S3225,58,34
S3226,58,35
S3227,58,36
S3228,58,37
S3229,58,38
S3230,58,39
S3231,58,40
S3232,58,41
S3233,58,42
S3234,58,43
S3235,58,44
S3236,58,45
S3237,58,46
S3238,58,47
S3239,58,48
S3240,58,49
S3241,58,50
S3242,58,51
S3243,58,52
S3244,58,53
S3245,58,54
S3246,58,55
S3247,58,56
S3248,58,57
S3249,58,58
S3250,58,59
S3251,58,60
S3252,58,61
S3253,58,62
S3254,58,63
S3255,58,64
S3256,58,65
S3257,58,66
S3258,58,67
S3259,58,68
S3260,58,69
S3261,58,70
S3262,58,71
S3263,58,72
S3264,58,73
S3265,58,74
S3266,58,75
S3267,58,76
S3268,58,77
S3269,58,78
S3270,58,79
S3271,58,80
S3272,58,81
S3273,58,82
S3274,58,83
S3275,58,84
S3276,58,85
S3277,58,86
S3278,58,87
S3279,58,88
S3280,58,89
S3281,58,90
S3282,58,91
S3283,58,92
S3284,58,93
S3285,58,94
S3286,58,96
S3287,59,11
S3288,59,12
S3289,59,13
S3290,59,14
S3291,59,15
S3292,59,16
S3293,59,17
S3294,59,18
S3295,59,19
S3296,59,20
S3297,59,21
S3298,59,22
S3299,59,23
S3300,59,24
S3301,59,25
S3302,59,27
S3303,59,29
S3304,59,30
S3305,59,31
S3306,59,32
S3307,59,33
S3308,59,34
S3309,59,35
S3310,59,36
S3311,59,37
S3312,59,38
S3313,59,39
S3314,59,40
S3315,59,41
S3316,59,42
S3317,59,43
S3318,59,44
S3319,59,45
S3320,59,46
S3321,59,47
S3322,59,48
S3323,59,49
S3324,59,50
S3325,59,51
S3326,59,52
S3327,59,53
S3328,59,54
S3329,59,55
S3330,59,56
S3331,59,57
S3332,59,58
S3333,59,59
S3334,59,60
S3335,59,61
S3336,59,62
S3337,59,63
S3338,59,64
S3339,59,65
S3340,59,66
S3341,59,67
S3342,59,68
S3343,59,69
S3344,59,70
S3345,59,71
S3346,59,72
S3347,59,73
S3348,59,74
S3349,59,75
S3350,59,76
S3351,59,77
S3352,59,78
S3353,59,79
S3354,59,80
S3355,59,82
S3356,59,83
S3357,59,84
S3358,59,85
S3359,59,86
S3360,59,87
S3361,59,88
S3362,59,89
S3363,59,90
S3364,59,91
S3365,59,92
S3366,59,93
S3367,60,11
S3368,60,12
S3369,60,13
S3370,60,14
S3371,60,15
S3372,60,16
S3373,60,17
S3374,60,18
S3375,60,19
S3376,60,20
S3377,60,21
S3378,60,22
S3379,60,23
S3380,60,24
S3381,60,25
S3382,60,26
S3383,60,27
S3384,60,28
S3385,60,29
S3386,60,30
S3387,60,31
S3388,60,32
S3389,60,33
S3390,60,34
S3391,60,35
S3392,60,36
S3393,60,37
S3394,60,38
S3395,60,39
S3396,60,40
S3397,60,41
S3398,60,42
S3399,60,43
S3400,60,44
S3401,60,45
S3402,60,46
S3403,60,47
S3404,60,48
S3405,60,49
S3406,60,50
S3407,60,51
S3408,60,52
S3409,60,53
S3410,60,54
S3411,60,55
S3412,60,56
S3413,60,58
S3414,60,59
S3415,60,60
S3416,60,61
S3417,60,62
S3418,60,63
S3419,60,64
S3420,60,65
S3421,60,66
S3422,60,67
S3423,60,68
S3424,60,69
S3425,60,70
S3426,60,71
S3427,60,72
S3428,60,73
S3429,60,74
S3430,60,75
S3431,60,76
S3432,60,77
S3433,60,78
S3434,60,79
S3435,60,80
S3436,60,81
S3437,60,82
S3438,60,83
S3439,60,84
S3440,60,85
S3441,60,86
S3442,60,87
S3443,60,88
S3444,60,89
S3445,60,90
S3446,60,91
S3447,60,92
S3448,60,93
S3449,61,12
S3450,61,13
S3451,61,14
S3452,61,15
S3453,61,16
S3454,61,17
S3455,61,18
S3456,61,19
S3457,61,20
S3458,61,21
S3459,61,22
S3460,61,23
S3461,61,24
S3462,61,25
S3463,61,26
S3464,61,27
S3465,61,28
S3466,61,29
S3467,61,30
S3468,61,31
S3469,61,32
S3470,61,33
S3471,61,34
S3472,61,35
S3473,61,36
S3474,61,37
S3475,61,38
S3476,61,39
S3477,61,40
S3478,61,41
S3479,61,42
S3480,61,43
S3481,61,44
S3482,61,45
S3483,61,46
S3484,61,47
S3485,61,48
S3486,61,49
S3487,61,50
S3488,61,51
S3489,61,52
S3490,61,54
S3491,61,55
S3492,61,57
S3493,61,58
S3494,61,59
S3495,61,60
S3496,61,61
S3497,61,62
S3498,61,63
S3499,61,64
S3500,61,65
S3501,61,66
S3502,61,67
S3503,61,68
S3504,61,69
S3505,61,70
S3506,61,71
S3507,61,72
S3508,61,73
S3509,61,74
S3510,61,75
S3511,61,76
S3512,61,77
S3513,61,78
S3514,61,79
S3515,61,80
S3516,61,81
S3517,61,82
S3518,61,83
S3519,61,84
S3520,61,85
S3521,61,86
S3522,61,87
S3523,61,88
S3524,61,89
S3525,61,90
S3526,61,91
S3527,61,92
S3528,61,94
S3529,62,13
S3530,62,14
S3531,62,15
S3532,62,16
S3533,62,17
S3534,62,18
S3535,62,19
S3536,62,20
S3537,62,21
S3538,62,22
S3539,62,23
S3540,62,24
S3541,62,25
S3542,62,26
S3543,62,27
S3544,62,28
S3545,62,29
S3546,62,30
S3547,62,31
S3548,62,32
S3549,62,33
S3550,62,34
S3551,62,35
S3552,62,36
S3553,62,37
S3554,62,38
S3555,62,39
S3556,62,40
S3557,62,41
S3558,62,42
S3559,62,43
S3560,62,44
S3561,62,45
S3562,62,47
S3563,62,48
S3564,62,49
S3565,62,50
S3566,62,51
S3567,62,52
S3568,62,53
S3569,62,54
S3570,62,55
S3571,62,56
S3572,62,57
S3573,62,58
S3574,62,59
S3575,62,60
S3576,62,61
S3577,62,62
S3578,62,63
S3579,62,64
S3580,62,65
S3581,62,66
S3582,62,67
S3583,62,68
S3584,62,69
S3585,62,70
S3586,62,71
S3587,62,72
S3588,62,73
S3589,62,74
S3590,62,75
S3591,62,76
S3592,62,77
S3593,62,78
S3594,62,79
S3595,62,80
S3596,62,81
S3597,62,82
S3598,62,83
S3599,62,84
S3600,62,85
S3601,62,86
S3602,62,87
S3603,62,88
S3604,62,89
S3605,62,90
S3606,62,92
S3607,63,12
S3608,63,13
S3609,63,14
S3610,63,15
S3611,63,16
S3612,63,17
S3613,63,18
S3614,63,19
S3615,63,20
S3616,63,21
S3617,63,22
S3618,63,23
S3619,63,24
S3620,63,25
S3621,63,26
S3622,63,27
S3623,63,28
S3624,63,29
S3625,63,30
S3626,63,31
S3627,63,32
S3628,63,33
S3629,63,34
S3630,63,35
S3631,63,36
S3632,63,37
S3633,63,38
S3634,63,39
S3635,63,40
S3636,63,41
S3637,63,42
S3638,63,43
S3639,63,44
S3640,63,45
S3641,63,46
S3642,63,47
S3643,63,48
S3644,63,49
S3645,63,50
S3646,63,51
S3647,63,52
S3648,63,53
S3649,63,54
S3650,63,55
S3651,63,56
S3652,63,57
S3653,63,58
S3654,63,59
S3655,63,60
S3656,63,61
S3657,63,62
S3658,63,63
S3659,63,64
S3660,63,65
S3661,63,66
S3662,63,67
S3663,63,68
S3664,63,69
S3665,63,70
S3666,63,71
S3667,63,72
S3668,63,73
S3669,63,74
S3670,63,75
S3671,63,76
S3672,63,77
S3673,63,79
S3674,63,80
S3675,63,81
S3676,63,82
S3677,63,83
S3678,63,84
S3679,63,85
S3680,63,86
S3681,63,87
S3682,63,88
S3683,63,89
S3684,63,90
S3685,63,91
S3686,63,92
S3687,63,93
S3688,64,13
S3689,64,14
S3690,64,15
S3691,64,16
S3692,64,17
S3693,64,18
S3694,64,19
S3695,64,20
S3696,64,21
S3697,64,22
S3698,64,23
S3699,64,24
S3700,64,25
S3701,64,26
S3702,64,27
S3703,64,28
S3704,64,29
S3705,64,30
S3706,64,31
S3707,64,32
S3708,64,33
S3709,64,34
S3710,64,35
S3711,64,36
S3712,64,37
S3713,64,38
S3714,64,39
S3715,64,40
S3716,64,41
S3717,64,42
S3718,64,43
S3719,64,44
S3720,64,45
S3721,64,46
S3722,64,47
S3723,64,48
S3724,64,49
S3725,64,51
S3726,64,52
S3727,64,53
S3728,64,54
S3729,64,55
S3730,64,56
S3731,64,57
S3732,64,58
S3733,64,59
S3734,64,60
S3735,64,61
S3736,64,62
S3737,64,63
S3738,64,64
S3739,64,65
S3740,64,66
S3741,64,67
S3742,64,68
S3743,64,69
S3744,64,70
S3745,64,71
S3746,64,72
S3747,64,73
S3748,64,74
S3749,64,76
S3750,64,77
S3751,64,78
S3752,64,79
S3753,64,80
S3754,64,81
S3755,64,82
S3756,64,83
S3757,64,84
S3758,64,85
S3759,64,86
S3760,64,87
S3761,64,88
S3762,64,89
S3763,64,90
S3764,64,91
S3765,65,15
S3766,65,16
S3767,65,17
S3768,65,18
S3769,65,19
S3770,65,20
S3771,65,21
S3772,65,22
S3773,65,23
S3774,65,24
S3775,65,25
S3776,65,26
S3777,65,27
S3778,65,28
S3779,65,29
S3780,65,30
S3781,65,31
S3782,65,32
S3783,65,33
S3784,65,34
S3785,65,35
S3786,65,36
S3787,65,37
S3788,65,38
S3789,65,39
S3790,65,40
S3791,65,41
S3792,65,42
S3793,65,43
S3794,65,44
S3795,65,45
S3796,65,46
S3797,65,47
S3798,65,48
S3799,65,49
S3800,65,50
S3801,65,51
S3802,65,52
S3803,65,53
S3804,65,54
S3805,65,55
S3806,65,56
S3807,65,57
S3808,65,58
S3809,65,59
S3810,65,60
S3811,65,61
S3812,65,62
S3813,65,63
S3814,65,64
S3815,65,65
S3816,65,66
S3817,65,67
S3818,65,68
S3819,65,69
S3820,65,70
S3821,65,71
S3822,65,72
S3823,65,73
S3824,65,74
S3825,65,75
S3826,65,76
S3827,65,77
S3828,65,78
S3829,65,79
S3830,65,80
S3831,65,81
S3832,65,82
S3833,65,83
S3834,65,84
S3835,65,85
S3836,65,86
S3837,65,87
S3838,65,88
S3839,65,89
S3840,65,90
S3841,65,91
S3842,66,14
S3843,66,15
S3844,66,16
S3845,66,17
S3846,66,18
S3847,66,19
S3848,66,21
S3849,66,22
S3850,66,23
S3851,66,24
S3852,66,25
S3853,66,26
S3854,66,27
S3855,66,28
S3856,66,29
S3857,66,30
S3858,66,31
S3859,66,32
S3860,66,33
S3861,66,34
S3862,66,35
S3863,66,36
S3864,66,37
S3865,66,39
S3866,66,40
S3867,66,41
S3868,66,42
S3869,66,43
S3870,66,44
S3871,66,45
S3872,66,46
S3873,66,47
S3874,66,48
S3875,66,49
S3876,66,50
S3877,66,51
S3878,66,52
S3879,66,53
S3880,66,54
S3881,66,55
S3882,66,56
S3883,66,57
S3884,66,58
S3885,66,59
S3886,66,60
S3887,66,61
S3888,66,62
S3889,66,63
S3890,66,64
S3891,66,65
S3892,66,66
S3893,66,67
S3894,66,68
S3895,66,69
S3896,66,70
S3897,66,71
S3898,66,72
S3899,66,73
S3900,66,74
S3901,66,75
S3902,66,76
S3903,66,77
S3904,66,78
S3905,66,79
S3906,66,81
S3907,66,82
S3908,66,83
S3909,66,84
S3910,66,85
S3911,66,87
S3912,66,89
S3913,66,90
S3914,66,91
S3915,66,93
S3916,67,14
S3917,67,15
S3918,67,16
S3919,67,17
S3920,67,18
S3921,67,19
S3922,67,20
S3923,67,21
S3924,67,22
S3925,67,23
S3926,67,24
S3927,67,25
S3928,67,26
S3929,67,27
S3930,67,29
S3931,67,30
S3932,67,31
S3933,67,32
S3934,67,33
S3935,67,34
S3936,67,35
S3937,67,36
S3938,67,37
S3939,67,38
S3940,67,39
S3941,67,40
S3942,67,41
S3943,67,42
S3944,67,43
S3945,67,44
S3946,67,45
S3947,67,46
S3948,67,48
S3949,67,49
S3950,67,50
S3951,67,51
S3952,67,52
S3953,67,53
S3954,67,54
S3955,67,56
S3956,67,57
S3957,67,58
S3958,67,59
S3959,67,60
S3960,67,61
S3961,67,62
S3962,67,63
S3963,67,64
S3964,67,65
S3965,67,66
S3966,67,67
S3967,67,68
S3968,67,69
S3969,67,70
S3970,67,71
S3971,67,72
S3972,67,73
S3973,67,74
S3974,67,75
S3975,67,76
S3976,67,77
S3977,67,78
S3978,67,79
S3979,67,80
S3980,67,81
S3981,67,82
S3982,67,83
S3983,67,84
S3984,67,85
S3985,67,86
S3986,67,87
S3987,67,88
S3988,67,89
S3989,67,90
S3990,67,91
S3991,68,15
S3992,68,16
S3993,68,17
S3994,68,18
S3995,68,19
S3996,68,20
S3997,68,21
S3998,68,22
S3999,68,23
S4000,68,24
S4001,68,25
S4002,68,26
S4003,68,27
S4004,68,30
S4005,68,31
S4006,68,32
S4007,68,33
S4008,68,34
S4009,68,35
S4010,68,36
S4011,68,37
S4012,68,38
S4013,68,39
S4014,68,40
S4015,68,41
S4016,68,42
S4017,68,43
S4018,68,44
S4019,68,45
S4020,68,46
S4021,68,48
S4022,68,49
S4023,68,50
S4024,68,51
S4025,68,52
S4026,68,53
S4027,68,54
S4028,68,55
S4029,68,56
S4030,68,57
S4031,68,58
S4032,68,59
S4033,68,60
S4034,68,61
S4035,68,62
S4036,68,63
S4037,68,64
S4038,68,65
S4039,68,66
S4040,68,67
S4041,68,68
S4042,68,69
S4043,68,70
S4044,68,71
S4045,68,72
S4046,68,73
S4047,68,74
S4048,68,75
S4049,68,76
S4050,68,77
S4051,68,78
S4052,68,79
S4053,68,80
S4054,68,81
S4055,68,82
S4056,68,83
S4057,68,84
S4058,68,85
S4059,68,86
S4060,68,89
S4061,68,91
S4062,69,15
S4063,69,16
S4064,69,17
S4065,69,18
S4066,69,19
S4067,69,20
S4068,69,21
S4069,69,22
S4070,69,23
S4071,69,24
S4072,69,25
S4073,69,26
S4074,69,27
S4075,69,28
S4076,69,29
S4077,69,30
S4078,69,31
S4079,69,32
S4080,69,33
S4081,69,34
S4082,69,35
S4083,69,36
S4084,69,37
S4085,69,38
S4086,69,39
S4087,69,40
S4088,69,41
S4089,69,42
S4090,69,43
S4091,69,44
S4092,69,45
S4093,69,46
S4094,69,47
S4095,69,48
S4096,69,49
S4097,69,50
S4098,69,51
S4099,69,52
S4100,69,53
S4101,69,54
S4102,69,55
S4103,69,56
S4104,69,57
S4105,69,58
S4106,69,59
S4107,69,60
S4108,69,61
S4109,69,62
S4110,69,63
S4111,69,65
S4112,69,66
S4113,69,67
S4114,69,68
S4115,69,69
S4116,69,70
S4117,69,71
S4118,69,72
S4119,69,73
S4120,69,74
S4121,69,75
S4122,69,76
S4123,69,77
S4124,69,78
S4125,69,79
S4126,69,80
S4127,69,81
S4128,69,82
S4129,69,83
S4130,69,84
S4131,69,85
S4132,69,86
S4133,69,87
S4134,69,88
S4135,69,89
S4136,70,16
S4137,70,17
S4138,70,18
S4139,70,19
S4140,70,20
S4141,70,21
S4142,70,22
S4143,70,23
S4144,70,24
S4145,70,25
S4146,70,26
S4147,70,27
S4148,70,28
S4149,70,29
S4150,70,30
S4151,70,31
S4152,70,32
S4153,70,33
S4154,70,34
S4155,70,35
S4156,70,36
S4157,70,37
S4158,70,38
S4159,70,39
S4160,70,40
S4161,70,41
S4162,70,42
S4163,70,43
S4164,70,44
S4165,70,45
S4166,70,46
S4167,70,47
S4168,70,48
S4169,70,49
S4170,70,50
S4171,70,51
S4172,70,52
S4173,70,53
S4174,70,54
S4175,70,55
S4176,70,56
S4177,70,57
S4178,70,58
S4179,70,59
S4180,70,60
S4181,70,61
S4182,70,62
S4183,70,63
S4184,70,64
S4185,70,65
S4186,70,66
S4187,70,67
S4188,70,68
S4189,70,69
S4190,70,70
S4191,70,71
S4192,70,72
S4193,70,73
S4194,70,74
S4195,70,75
S4196,70,76
S4197,70,77
S4198,70,78
S4199,70,79
S4200,70,80
S4201,70,81
S4202,70,82
S4203,70,83
S4204,70,84
S4205,70,85
S4206,70,86
S4207,70,87
S4208,70,88
S4209,70,89
S4210,71,17
S4211,71,18
S4212,71,19
S4213,71,20
S4214,71,21
S4215,71,22
S4216,71,23
S4217,71,24
S4218,71,25
S4219,71,26
S4220,71,27
S4221,71,28
S4222,71,32
S4223,71,33
S4224,71,34
S4225,71,35
S4226,71,36
S4227,71,37
S4228,71,38
S4229,71,39
S4230,71,40
S4231,71,41
S4232,71,42
S4233,71,43
S4234,71,44
S4235,71,45
S4236,71,46
S4237,71,47
S4238,71,48
S4239,71,49
S4240,71,50
S4241,71,51
S4242,71,52
S4243,71,53
S4244,71,54
S4245,71,55
S4246,71,56
S4247,71,57
S4248,71,58
S4249,71,59
S4250,71,60
S4251,71,61
S4252,71,62
S4253,71,63
S4254,71,64
S4255,71,65
S4256,71,66
S4257,71,68
S4258,71,69
S4259,71,70
S4260,71,71
S4261,71,72
S4262,71,73
S4263,71,74
S4264,71,75
S4265,71,76
S4266,71,77
S4267,71,78
S4268,71,79
S4269,71,80
S4270,71,81
S4271,71,82
S4272,71,83
S4273,71,85
S4274,71,86
S4275,71,87
S4276,71,88
S4277,72,17
S4278,72,18
S4279,72,19
S4280,72,20
S4281,72,21
S4282,72,22
S4283,72,23
S4284,72,24
S4285,72,25
S4286,72,26
S4287,72,27
S4288,72,34
S4289,72,35
S4290,72,36
S4291,72,37
S4292,72,38
S4293,72,39
S4294,72,40
S4295,72,41
S4296,72,42
S4297,72,43
S4298,72,44
S4299,72,45
S4300,72,46
S4301,72,47
S4302,72,48
S4303,72,49
S4304,72,50
S4305,72,51
S4306,72,52
S4307,72,53
S4308,72,54
S4309,72,55
S4310,72,56
S4311,72,57
S4312,72,58
S4313,72,59
S4314,72,60
S4315,72,61
S4316,72,62
S4317,72,63
S4318,72,64
S4319,72,65
S4320,72,66
S4321,72,67
S4322,72,68
S4323,72,69
S4324,72,70
S4325,72,71
S4326,72,72
S4327,72,73
S4328,72,74
S4329,72,75
S4330,72,76
S4331,72,77
S4332,72,78
S4333,72,79
S4334,72,80
S4335,72,81
S4336,72,82
S4337,72,83
S4338,72,84
S4339,72,86
S4340,72,87
S4341,72,88
S4342,73,18
S4343,73,19
S4344,73,20
S4345,73,21
S4346,73,22
S4347,73,23
S4348,73,24
S4349,73,25
S4350,73,26
S4351,73,34
S4352,73,35
S4353,73,36
S4354,73,37
S4355,73,38
S4356,73,39
S4357,73,40
S4358,73,41
S4359,73,42
S4360,73,43
S4361,73,44
S4362,73,45
S4363,73,46
S4364,73,47
S4365,73,48
S4366,73,49
S4367,73,50
S4368,73,51
S4369,73,52
S4370,73,53
S4371,73,54
S4372,73,55
S4373,73,56
S4374,73,57
S4375,73,58
S4376,73,59
S4377,73,60
S4378,73,61
S4379,73,62
S4380,73,63
S4381,73,64
S4382,73,65
S4383,73,68
S4384,73,69
S4385,73,70
S4386,73,72
S4387,73,73
S4388,73,74
S4389,73,75
S4390,73,76
S4391,73,77
S4392,73,78
S4393,73,79
S4394,73,80
S4395,73,81
S4396,73,82
S4397,73,83
S4398,73,84
S4399,73,85
S4400,73,86
S4401,73,88
S4402,74,19
S4403,74,20
S4404,74,21
S4405,74,22
S4406,74,23
S4407,74,24
S4408,74,34
S4409,74,35
S4410,74,36
S4411,74,37
S4412,74,38
S4413,74,39
S4414,74,40
S4415,74,41
S4416,74,42
S4417,74,43
S4418,74,44
S4419,74,45
S4420,74,46
S4421,74,48
S4422,74,49
S4423,74,50
S4424,74,51
S4425,74,52
S4426,74,53
S4427,74,54
S4428,74,55
S4429,74,56
S4430,74,57
S4431,74,58
S4432,74,59
S4433,74,60
S4434,74,61
S4435,74,62
S4436,74,63
S4437,74,64
S4438,74,65
S4439,74,66
S4440,74,67
S4441,74,68
S4442,74,69
S4443,74,70
S4444,74,72
S4445,74,73
S4446,74,74
S4447,74,75
S4448,74,76
S4449,74,77
S4450,74,78
S4451,74,79
S4452,74,80
S4453,74,81
S4454,74,82
S4455,74,84
S4456,74,85
S4457,74,88
S4458,75,21
S4459,75,35
S4460,75,36
S4461,75,37
S4462,75,38
S4463,75,39
S4464,75,40
S4465,75,41
S4466,75,42
S4467,75,43
S4468,75,44
S4469,75,45
S4470,75,46
S4471,75,47
S4472,75,48
S4473,75,49
S4474,75,50
S4475,75,51
S4476,75,52
S4477,75,53
S4478,75,54
S4479,75,55
S4480,75,56
S4481,75,57
S4482,75,58
S4483,75,59
S4484,75,60
S4485,75,61
S4486,75,62
S4487,75,63
S4488,75,64
S4489,75,65
S4490,75,67
S4491,75,68
S4492,75,69
S4493,75,70
S4494,75,71
S4495,75,72
S4496,75,73
S4497,75,74
S4498,75,75
S4499,75,76
S4500,75,77
S4501,75,78
S4502,75,79
S4503,75,80
S4504,75,82
S4505,75,84
S4506,75,85
S4507,76,36
S4508,76,37
S4509,76,38
S4510,76,39
S4511,76,40
S4512,76,41
S4513,76,42
S4514,76,43
S4515,76,44
S4516,76,45
S4517,76,46
S4518,76,47
S4519,76,48
S4520,76,49
S4521,76,50
S4522,76,51
S4523,76,52
S4524,76,53
S4525,76,54
S4526,76,55
S4527,76,56
S4528,76,57
S4529,76,58
S4530,76,59
S4531,76,60
S4532,76,61
S4533,76,62
S4534,76,63
S4535,76,64
S4536,76,65
S4537,76,66
S4538,76,67
S4539,76,68
S4540,76,69
S4541,76,70
S4542,76,71
S4543,76,72
S4544,76,73
S4545,76,74
S4546,76,75
S4547,76,76
S4548,76,77
S4549,76,78
S4550,76,79
S4551,76,80
S4552,76,81
S4553,76,82
S4554,77,39
S4555,77,41
S4556,77,42
S4557,77,43
S4558,77,45
S4559,77,48
S4560,77,49
S4561,77,50
S4562,77,51
S4563,77,52
S4564,77,53
S4565,77,54
S4566,77,55
S4567,77,56
S4568,77,57
S4569,77,58
S4570,77,59
S4571,77,60
S4572,77,61
S4573,77,62
S4574,77,63
S4575,77,64
S4576,77,65
S4577,77,66
S4578,77,67
S4579,77,68
S4580,77,69
S4581,77,70
S4582,77,71
S4583,77,72
S4584,77,73
S4585,77,74
S4586,77,75
S4587,77,76
S4588,77,77
S4589,77,78
S4590,77,79
S4591,77,80
S4592,77,81
S4593,77,82
S4594,77,83
S4595,78,49
S4596,78,50
S4597,78,51
S4598,78,52
S4599,78,53
S4600,78,54
S4601,78,55
S4602,78,56
S4603,78,57
S4604,78,58
S4605,78,59
S4606,78,60
S4607,78,61
S4608,78,62
S4609,78,63
S4610,78,64
S4611,78,65
S4612,78,66
S4613,78,67
S4614,78,68
S4615,78,69
S4616,78,70
S4617,78,71
S4618,78,72
S4619,78,73
S4620,78,74
S4621,78,75
S4622,78,76
S4623,78,77
S4624,78,78
S4625,78,79
S4626,78,80
S4627,78,81
S4628,78,82
S4629,78,83
S4630,78,84
S4631,79,50
S4632,79,51
S4633,79,52
S4634,79,53
S4635,79,54
S4636,79,55
S4637,79,56
S4638,79,57
S4639,79,58
S4640,79,59
S4641,79,60
S4642,79,61
S4643,79,62
S4644,79,63
S4645,79,64
S4646,79,65
S4647,79,66
S4648,79,67
S4649,79,68
S4650,79,69
S4651,79,72
S4652,79,73
S4653,79,74
S4654,79,75
S4655,79,76
S4656,79,77
S4657,79,78
S4658,79,79
S4659,79,80
S4660,79,81
S4661,79,88
S4662,80,51
S4663,80,52
S4664,80,53
S4665,80,54
S4666,80,55
S4667,80,56
S4668,80,57
S4669,80,58
S4670,80,59
S4671,80,60
S4672,80,61
S4673,80,62
S4674,80,63
S4675,80,64
S4676,80,65
S4677,80,66
S4678,80,67
S4679,80,68
S4680,80,69
S4681,80,72
S4682,80,73
S4683,80,74
S4684,80,75
S4685,80,76
S4686,80,77
S4687,80,79
S4688,80,80
S4689,80,81
S4690,80,82
S4691,81,52
S4692,81,53
S4693,81,56
S4694,81,57
S4695,81,58
S4696,81,59
S4697,81,60
S4698,81,61
S4699,81,62
S4700,81,63
S4701,81,64
S4702,81,65
S4703,81,66
S4704,81,67
S4705,81,68
S4706,81,69
S4707,81,70
S4708,81,71
S4709,81,72
S4710,81,73
S4711,81,74
S4712,81,75
S4713,81,76
S4714,81,77
S4715,81,78
S4716,81,79
S4717,81,80
S4718,81,85
S4719,82,55
S4720,82,56
S4721,82,57
S4722,82,58
S4723,82,59
S4724,82,60
S4725,82,61
S4726,82,62
S4727,82,63
S4728,82,64
S4729,82,65
S4730,82,66
S4731,82,67
S4732,82,68
S4733,82,69
S4734,82,70
S4735,82,71
S4736,82,72
S4737,82,74
S4738,82,75
S4739,82,76
S4740,82,79
S4741,82,80
S4742,83,57
S4743,83,58
S4744,83,60
S4745,83,61
S4746,83,63
S4747,83,64
S4748,83,65
S4749,83,66
S4750,83,67
S4751,83,68
S4752,83,69
S4753,83,70
S4754,83,71
S4755,83,72
S4756,83,74
S4757,83,75
S4758,84,70
S4759,84,71
S4760,84,72
S4761,84,73
